radius_mean,texture_mean,perimeter_mean,area_mean,smoothness_mean,compactness_mean,concavity_mean,concave points_mean,symmetry_mean,fractal_dimension_mean,radius_se,texture_se,perimeter_se,area_se,smoothness_se,compactness_se,concavity_se,concave points_se,symmetry_se,fractal_dimension_se,radius_worst,texture_worst,perimeter_worst,area_worst,smoothness_worst,compactness_worst,concavity_worst,concave points_worst,symmetry_worst,fractal_dimension_worst,diagnosis
11.41,29.87,173.9,403.3,0.09373,0.06685,0.03512,0.3,0.1667,0.06113,0.1408,0.4607,1.103,293.83,0.00604,0.01529,0.01514,0.00646,0.01344,0.002206,12.82,15.97,83.74,3626.3,0.1548,0.239,0.2102,0.08958,0.5681,0.08523,1
11.41,38.39,73.34,403.3,0.09373,0.06685,0.03512,0.02623,0.2927,0.06113,0.1408,0.4607,1.103,10.5,0.00604,0.01529,0.01514,0.00646,0.01344,0.002206,12.82,47.56,150.15,3189.8,0.1548,0.239,0.5,0.08958,0.3016,0.08523,1
11.41,10.82,73.34,1059.0,0.09373,0.06685,0.03512,0.02623,0.1667,0.06113,0.1408,0.4607,1.103,134.85,0.00604,0.01529,0.01514,0.00646,0.01344,0.002206,26.15,15.97,83.74,2961.8,0.1548,0.239,0.7,0.08958,0.5669,0.08523,1
11.41,10.82,73.34,403.3,0.09373,0.06685,0.03512,0.02623,0.1667,0.06113,0.1408,0.4607,1.103,10.5,0.00604,0.01529,0.01514,0.00646,0.01344,0.002206,12.82,15.97,249.95,2657.8,0.2125,0.239,0.5,0.3,0.3016,0.08523,1
16.2,10.82,73.34,1629.3,0.09373,0.1888,0.03512,0.02623,0.1667,0.06113,0.1408,0.4607,1.103,10.5,0.00604,0.01529,0.01514,0.00646,0.01344,0.002206,28.58,35.44,83.74,1060.1,0.1548,0.239,0.2102,0.08958,0.3016,0.08523,1
