radius_mean,texture_mean,perimeter_mean,area_mean,smoothness_mean,compactness_mean,concavity_mean,concave points_mean,symmetry_mean,fractal_dimension_mean,radius_se,texture_se,perimeter_se,area_se,smoothness_se,compactness_se,concavity_se,concave points_se,symmetry_se,fractal_dimension_se,radius_worst,texture_worst,perimeter_worst,area_worst,smoothness_worst,compactness_worst,concavity_worst,concave points_worst,symmetry_worst,fractal_dimension_worst
12.307526732566592,12.256667365301112,79.4011821101824,513.4029753875061,0.09721383059455116,0.05039628955750335,0.07949843757775604,0.0524862549118472,0.163551932406621,0.06073860120801468,0.3893063009951124,0.3602000000000001,2.2061514955335975,41.040015792037295,0.006531553438018564,0.004191482647756747,0.013105575491363715,0.008565306829660304,0.01153191075762937,0.0011206507434641261,15.872481383529783,22.023905729381276,100.89990536991785,874.6177288227088,0.1616512735945437,0.21991853953058904,0.34440590615572253,0.12225544778147432,0.3480569846448659,0.08592222116745173
